90001,33.97,-118.24
90002,33.94,-118.24
90003,33.96,-118.27
90004,34.07,-118.31
90005,34.06,-118.31
90006,34.05,-118.29
90007,34.02,-118.28
90008,34.01,-118.35
90009,33.94,-118.38
90010,34.06,-118.32
90011,34,-118.25
90012,34.06,-118.24
90013,34.05,-118.24
90014,34.04,-118.25
90015,34.03,-118.26
90016,34.02,-118.35
90017,34.05,-118.26
90018,34.02,-118.31
90019,34.04,-118.34
90020,34.07,-118.31
90021,34.03,-118.24
90022,34.02,-118.15
90023,34.02,-118.2
90024,34.06,-118.43
90025,34.04,-118.44
90026,34.07,-118.26
90027,34.12,-118.28
90028,34.1,-118.32
90029,34.09,-118.29
90030,34.06,-118.23
90031,34.09,-118.21
90032,34.08,-118.17
90033,34.04,-118.21
90034,34.03,-118.4
90035,34.05,-118.38
90036,34.06,-118.35
90037,34,-118.28
90038,34.09,-118.33
90039,34.11,-118.26
90040,33.99,-118.14
90041,34.13,-118.2
90042,34.11,-118.19
90043,33.98,-118.33
90044,33.95,-118.29
90045,33.95,-118.4
90046,34.11,-118.36
90047,33.95,-118.31
90048,34.07,-118.37
90049,34.08,-118.49
90050,34.12,-118.2
90051,34.06,-118.24
90052,33.97,-118.25
90053,34.05,-118.23
90054,34.06,-118.23
90055,34.04,-118.25
90056,33.99,-118.37
90057,34.06,-118.27
90058,34,-118.21
90059,33.93,-118.25
90060,33.99,-118.42
90061,33.92,-118.27
90062,34,-118.31
90063,34.04,-118.18
90064,34.03,-118.43
90065,34.1,-118.22
90066,34,-118.43
90067,34.06,-118.41
90068,34.13,-118.33
90069,34.09,-118.38
90070,34.06,-118.31
90071,34.05,-118.25
90072,34.09,-118.3
90073,34.05,-118.45
90074,34.05,-118.26
90075,34.06,-118.31
90076,34.06,-118.31
90077,34.1,-118.45
90078,34.1,-118.32
90079,34.04,-118.26
90080,33.95,-118.39
90081,34.05,-118.26
90082,34,-118.27
90083,33.95,-118.39
90084,34.05,-118.26
90086,34.06,-118.23
90087,34.06,-118.23
90088,34.05,-118.26
90089,34.02,-118.29
90090,34.07,-118.24
90091,33.99,-118.15
90093,34.09,-118.33
90094,33.98,-118.42
90095,34.07,-118.44
90096,33.96,-118.17
90099,34.06,-118.23
90101,33.99,-118.16
90102,34.01,-118.19
90103,33.99,-118.16
90189,34.06,-118.25
90201,33.97,-118.15
90202,33.96,-118.15
90209,34.07,-118.39
90210,34.09,-118.41
90211,34.06,-118.38
90212,34.06,-118.4
90213,34.05,-118.4
90220,33.87,-118.24
90221,33.87,-118.21
90222,33.91,-118.23
90223,33.89,-118.22
90224,33.87,-118.26
90230,33.99,-118.39
90231,33.99,-118.39
90232,34.02,-118.39
90233,33.98,-118.38
90239,33.93,-118.11
90240,33.95,-118.12
90241,33.94,-118.13
90242,33.92,-118.14
90245,33.91,-118.4
90247,33.89,-118.29
90248,33.88,-118.28
90249,33.89,-118.31
90250,33.91,-118.34
90251,33.91,-118.36
90254,33.86,-118.39
90255,33.97,-118.21
90260,33.88,-118.35
90261,33.89,-118.37
90262,33.92,-118.2
90263,34.04,-118.71
90264,34.04,-118.77
90265,34.06,-118.81
90266,33.88,-118.4
90267,33.87,-118.39
90270,33.99,-118.19
90272,34.07,-118.54
90274,33.77,-118.34
90275,33.75,-118.31
90277,33.83,-118.38
90278,33.87,-118.37
90280,33.94,-118.2
90290,34.1,-118.6
90291,33.99,-118.46
90292,33.98,-118.46
90293,33.94,-118.44
90294,33.98,-118.47
90295,33.97,-118.43
90296,33.95,-118.44
90301,33.95,-118.36
90302,33.97,-118.35
90303,33.93,-118.33
90304,33.94,-118.36
90305,33.95,-118.33
90306,33.95,-118.35
90307,33.95,-118.37
90308,33.95,-118.35
90309,33.97,-118.35
90310,33.93,-118.32
90311,33.95,-118.35
90312,33.96,-118.35
90313,33.96,-118.35
90397,33.96,-118.35
90398,33.96,-118.35
90401,34.01,-118.49
90402,34.03,-118.5
90403,34.03,-118.49
90404,34.02,-118.47
90405,34.01,-118.46
90406,34.01,-118.49
90407,34.01,-118.49
90408,34.02,-118.48
90409,34,-118.48
90410,34.01,-118.46
90411,34.01,-118.46
90501,33.83,-118.31
90502,33.83,-118.29
90503,33.84,-118.35
90504,33.86,-118.33
90505,33.8,-118.35
90506,33.88,-118.33
90507,33.83,-118.31
90508,33.83,-118.31
90509,33.84,-118.32
90510,33.82,-118.32
90601,34,-118.03
90602,33.97,-118.01
90603,33.94,-117.99
90604,33.93,-118
90605,33.95,-118.02
90606,33.98,-118.06
90607,33.96,-118.02
90608,33.97,-118.02
90609,33.97,-118.03
90610,33.96,-118.07
90612,33.96,-118.02
90620,33.84,-118
90621,33.87,-117.99
90622,33.84,-118
90623,33.85,-118.04
90624,33.85,-118
90630,33.81,-118.03
90631,33.94,-117.95
90632,33.91,-117.95
90633,33.93,-117.94
90637,33.89,-118
90638,33.9,-118
90639,33.9,-118.01
90640,34.02,-118.11
90650,33.9,-118.07
90651,33.9,-118.07
90652,33.91,-118.07
90659,33.9,-118.07
90660,33.98,-118.08
90661,34,-118.08
90662,33.96,-118.09
90670,33.92,-118.06
90671,33.93,-118.06
90680,33.8,-117.99
90701,33.86,-118.08
90702,33.86,-118.08
90703,33.86,-118.05
90704,33.38,-118.45
90706,33.88,-118.13
90707,33.88,-118.12
90710,33.8,-118.3
90711,33.84,-118.14
90712,33.85,-118.15
90713,33.85,-118.11
90714,33.85,-118.13
90715,33.84,-118.07
90716,33.83,-118.07
90717,33.79,-118.31
90720,33.79,-118.06
90721,33.8,-118.07
90723,33.89,-118.16
90731,33.73,-118.29
90732,33.73,-118.31
90733,33.7,-118.29
90734,33.75,-118.3
90740,33.75,-118.07
90742,33.72,-118.08
90743,33.73,-118.09
90744,33.77,-118.26
90745,33.82,-118.26
90746,33.86,-118.25
90747,33.86,-118.25
90748,33.78,-118.26
90749,33.82,-118.26
90755,33.8,-118.16
90801,33.77,-118.18
90802,33.75,-118.2
90803,33.75,-118.13
90804,33.78,-118.14
90805,33.86,-118.18
90806,33.81,-118.18
90807,33.83,-118.18
90808,33.82,-118.11
90809,33.76,-118.12
90810,33.81,-118.22
90813,33.78,-118.18
90814,33.77,-118.14
90815,33.79,-118.12
90822,33.78,-118.12
90831,33.77,-118.2
90832,33.76,-118.19
90833,33.76,-118.2
90834,33.76,-118.2
90835,33.76,-118.2
90840,33.78,-118.12
90842,33.81,-118.16
90844,33.77,-118.19
90845,33.77,-118.18
90846,33.82,-118.11
90847,33.83,-118.19
90848,33.83,-118.18
90853,33.75,-118.13
90888,33.77,-118.18
90895,33.83,-118.21
90899,33.77,-118.19
91001,34.2,-118.13
91003,34.18,-118.13
91006,34.13,-118.02
91007,34.12,-118.05
91008,34.15,-117.97
91009,34.13,-117.96
91010,34.13,-117.94
91011,34.22,-118.21
91012,34.2,-118.19
91016,34.15,-117.99
91017,34.13,-117.98
91020,34.21,-118.23
91021,34.2,-118.22
91023,34.22,-118.09
91024,34.17,-118.05
91025,34.16,-118.05
91030,34.11,-118.15
91031,34.11,-118.15
91040,34.26,-118.32
91041,34.26,-118.31
91042,34.29,-118.25
91043,34.25,-118.29
91046,34.21,-118.24
91066,34.14,-118.02
91077,34.12,-118.05
91101,34.15,-118.14
91102,34.14,-118.14
91103,34.17,-118.17
91104,34.16,-118.12
91105,34.14,-118.16
91106,34.14,-118.13
91107,34.16,-118.08
91108,34.12,-118.11
91109,34.16,-118.16
91110,34.15,-118.15
91114,34.16,-118.13
91115,34.13,-118.15
91116,34.14,-118.13
91117,34.14,-118.09
91118,34.12,-118.09
91121,34.15,-118.09
91123,34.14,-118.15
91124,34.14,-118.15
91125,34.13,-118.12
91126,34.13,-118.12
91129,34.14,-118.15
91131,34.15,-118.15
91182,34.14,-118.14
91184,34.13,-118.16
91185,34.16,-117.98
91188,34.14,-118.14
91189,34.12,-118.16
91191,34.15,-118.15
91199,34.17,-118.12
91201,34.17,-118.29
91202,34.16,-118.26
91203,34.15,-118.26
91204,34.13,-118.26
91205,34.13,-118.24
91206,34.16,-118.2
91207,34.18,-118.25
91208,34.19,-118.24
91209,34.14,-118.25
91210,34.14,-118.26
91214,34.23,-118.24
91221,34.16,-118.28
91222,34.16,-118.26
91224,34.23,-118.25
91225,34.12,-118.25
91226,34.16,-118.21
91301,34.12,-118.76
91302,34.11,-118.67
91303,34.19,-118.6
91304,34.22,-118.59
91305,34.2,-118.6
91306,34.2,-118.57
91307,34.2,-118.69
91308,34.2,-118.59
91309,34.21,-118.59
91310,34.49,-118.61
91311,34.28,-118.61
91313,34.23,-118.58
91316,34.15,-118.52
91319,34.18,-118.91
91320,34.17,-118.95
91321,34.36,-118.47
91322,34.38,-118.53
91324,34.24,-118.55
91325,34.23,-118.51
91326,34.28,-118.55
91327,34.27,-118.55
91328,34.22,-118.53
91329,34.24,-118.53
91330,34.25,-118.53
91331,34.25,-118.41
91333,34.26,-118.42
91334,34.24,-118.42
91335,34.2,-118.54
91337,34.2,-118.53
91340,34.28,-118.44
91341,34.28,-118.44
91342,34.32,-118.38
91343,34.23,-118.47
91344,34.29,-118.5
91345,34.27,-118.45
91346,34.26,-118.46
91350,34.43,-118.51
91351,34.43,-118.46
91352,34.23,-118.34
91353,34.21,-118.36
91354,34.46,-118.57
91355,34.41,-118.56
91356,34.15,-118.54
91357,34.17,-118.54
91358,34.18,-118.87
91359,34.19,-118.82
91360,34.21,-118.88
91361,34.14,-118.89
91362,34.19,-118.81
91363,34.14,-118.8
91364,34.15,-118.6
91365,34.16,-118.6
91367,34.17,-118.61
91371,34.18,-118.58
91372,34.15,-118.64
91376,34.14,-118.75
91377,34.19,-118.76
91380,34.49,-118.39
91381,34.37,-118.61
91382,34.41,-118.51
91383,34.36,-118.45
91384,34.51,-118.68
91385,34.38,-118.56
91386,34.41,-118.45
91387,34.4,-118.4
91388,34.2,-118.47
91390,34.53,-118.4
91392,34.3,-118.43
91393,34.22,-118.46
91394,34.26,-118.52
91395,34.25,-118.46
91396,34.2,-118.57
91399,34.16,-118.6
91401,34.17,-118.43
91402,34.22,-118.44
91403,34.14,-118.46
91404,34.17,-118.43
91405,34.2,-118.44
91406,34.19,-118.49
91407,34.19,-118.44
91408,34.17,-118.43
91409,34.2,-118.49
91410,34.2,-118.49
91411,34.17,-118.46
91412,34.22,-118.44
91413,34.16,-118.45
91416,34.17,-118.51
91423,34.14,-118.42
91426,34.15,-118.51
91436,34.15,-118.49
91470,34.17,-118.61
91482,34.2,-118.47
91495,34.15,-118.44
91496,34.16,-118.45
91497,34.2,-118.47
91499,34.2,-118.45
91501,34.19,-118.29
91502,34.17,-118.31
91503,34.18,-118.3
91504,34.2,-118.33
91505,34.17,-118.34
91506,34.17,-118.32
91507,34.16,-118.34
91508,34.19,-118.32
91510,34.17,-118.34
91521,34.15,-118.32
91522,34.14,-118.33
91523,34.16,-118.33
91526,34.19,-118.32
91601,34.16,-118.37
91602,34.15,-118.36
91603,34.16,-118.37
91604,34.13,-118.39
91605,34.2,-118.39
91606,34.18,-118.39
91607,34.16,-118.4
91608,34.14,-118.35
91609,34.18,-118.38
91610,34.15,-118.37
91611,34.18,-118.39
91612,34.18,-118.39
91614,34.14,-118.39
91615,34.19,-118.39
91616,34.18,-118.39
91617,34.16,-118.4
91618,34.11,-118.36
91701,34.14,-117.61
91702,34.28,-117.87
91706,34.09,-117.96
91708,33.95,-117.64
91709,33.94,-117.72
91710,34,-117.68
91711,34.12,-117.71
91714,34.01,-117.95
91715,34.01,-117.97
91716,34,-117.97
91722,34.09,-117.9
91723,34.08,-117.88
91724,34.07,-117.84
91729,34.09,-117.56
91730,34.09,-117.58
91731,34.08,-118.03
91732,34.07,-118.01
91733,34.04,-118.04
91734,34.07,-118.03
91735,34.07,-118.02
91737,34.15,-117.58
91739,34.14,-117.51
91740,34.11,-117.85
91741,34.14,-117.85
91743,34.06,-117.58
91744,34.02,-117.93
91745,34,-117.97
91746,34.04,-117.98
91747,34.02,-117.94
91748,33.97,-117.9
91749,34.03,-117.95
91750,34.15,-117.76
91752,33.99,-117.53
91754,34.05,-118.14
91755,34.05,-118.11
91756,34.04,-118.13
91758,34.05,-117.6
91759,34.2,-117.7
91761,34.02,-117.58
91762,34.04,-117.67
91763,34.07,-117.7
91764,34.07,-117.62
91765,33.99,-117.81
91766,34.03,-117.75
91767,34.08,-117.73
91768,34.06,-117.79
91769,34.06,-117.75
91770,34.06,-118.08
91771,34.06,-118.08
91772,34.06,-118.08
91773,34.1,-117.81
91775,34.11,-118.08
91776,34.08,-118.09
91778,34.1,-118.1
91780,34.1,-118.05
91784,34.14,-117.65
91785,34.09,-117.64
91786,34.1,-117.66
91788,34.01,-117.86
91789,34.01,-117.85
91790,34.06,-117.94
91791,34.06,-117.89
91792,34.02,-117.9
91793,34.06,-117.92
91795,34.02,-117.85
91797,34.08,-117.96
91798,34.06,-117.61
91799,34.05,-117.75
91801,34.09,-118.13
91802,34.09,-118.12
91803,34.07,-118.14
91804,34.09,-118.12
91841,34.09,-118.12
91896,34.09,-118.12
91899,34.08,-118.13
91901,32.8,-116.71
91902,32.67,-117.01
91903,32.83,-116.76
91905,32.67,-116.31
91906,32.68,-116.47
91908,32.65,-117.02
91909,32.61,-117.06
91910,32.63,-117.05
91911,32.61,-117.03
91912,32.64,-117.08
91913,32.64,-116.98
91914,32.66,-116.94
91915,32.62,-116.95
91916,32.9,-116.62
91917,32.62,-116.67
91921,32.65,-116.95
91931,32.83,-116.58
91932,32.57,-117.11
91933,32.58,-117.11
91934,32.63,-116.18
91935,32.69,-116.8
91941,32.76,-117
91942,32.78,-117.01
91943,32.77,-117.01
91944,32.76,-117.02
91945,32.73,-117.03
91946,32.74,-117.03
91947,32.66,-117.07
91948,32.87,-116.46
91950,32.67,-117.09
91951,32.67,-117.09
91962,32.74,-116.42
91963,32.63,-116.59
91976,32.74,-116.98
91977,32.71,-116.99
91978,32.72,-116.94
91979,32.73,-116.97
91980,32.59,-116.62
91987,32.59,-116.64
91990,32.6,-116.61
92003,33.28,-117.19
92004,33.17,-116.27
92007,33.01,-117.27
92008,33.13,-117.3
92009,33.1,-117.24
92010,33.15,-117.28
92011,33.1,-117.29
92013,33.15,-117.35
92014,32.96,-117.25
92018,33.16,-117.34
92019,32.77,-116.86
92020,32.79,-116.96
92021,32.84,-116.88
92022,32.73,-116.91
92023,33.03,-117.29
92024,33.05,-117.25
92025,33.09,-116.94
92026,33.22,-117.1
92027,33.13,-116.98
92028,33.39,-117.21
92029,33.08,-117.13
92030,33.13,-117.05
92033,33.12,-117.08
92036,33.02,-116.49
92037,32.86,-117.24
92038,32.85,-117.25
92039,32.84,-117.27
92040,32.9,-116.89
92046,33.12,-117.1
92049,33.19,-117.37
92051,33.19,-117.36
92052,33.19,-117.36
92054,33.2,-117.35
92055,33.39,-117.44
92056,33.2,-117.29
92057,33.27,-117.28
92058,33.33,-117.3
92059,33.38,-117.07
92060,33.31,-116.84
92061,33.3,-116.92
92064,32.97,-117.02
92065,33.07,-116.83
92066,33.22,-116.54
92067,33.02,-117.19
92068,33.27,-117.27
92069,33.15,-117.17
92070,33.18,-116.73
92071,32.85,-116.99
92072,32.83,-117.03
92074,32.95,-117.03
92075,33,-117.26
92078,33.11,-117.16
92079,33.14,-117.16
92081,33.18,-117.24
92082,33.25,-116.98
92083,33.2,-117.25
92084,33.21,-117.2
92085,33.19,-117.23
92086,33.28,-116.6
92088,33.36,-117.25
92090,32.79,-116.96
92091,33.02,-117.24
92092,32.87,-117.23
92093,32.88,-117.23
92096,33.13,-117.17
92101,32.71,-117.16
92102,32.72,-117.09
92103,32.74,-117.17
92104,32.73,-117.12
92105,32.73,-117.08
92106,32.72,-117.23
92107,32.74,-117.25
92108,32.77,-117.14
92109,32.79,-117.23
92110,32.77,-117.2
92111,32.8,-117.16
92112,32.72,-117.16
92113,32.69,-117.11
92114,32.71,-117.05
92115,32.75,-117.07
92116,32.76,-117.12
92117,32.82,-117.2
92118,32.7,-117.21
92119,32.81,-117.03
92120,32.79,-117.06
92121,32.9,-117.2
92122,32.85,-117.2
92123,32.8,-117.13
92124,32.82,-117.08
92126,32.88,-117.13
92127,33.02,-117.12
92128,32.99,-117.07
92129,32.96,-117.12
92130,32.95,-117.19
92131,32.89,-117.07
92132,32.71,-117.17
92133,32.72,-117.21
92134,32.72,-117.15
92135,32.7,-117.19
92136,32.67,-117.11
92137,32.88,-117.1
92138,32.76,-117.2
92139,32.68,-117.04
92140,32.74,-117.2
92142,32.83,-117.09
92143,32.56,-116.97
92145,32.93,-117.01
92147,32.72,-117.22
92149,32.67,-117.06
92150,32.98,-117.08
92152,32.69,-117.24
92153,32.56,-117.08
92154,32.56,-117.01
92155,32.67,-117.16
92158,32.56,-116.97
92159,32.8,-117.03
92160,32.78,-117.09
92161,32.88,-117.22
92162,32.71,-117.12
92163,32.74,-117.16
92164,32.74,-117.12
92165,32.74,-117.1
92166,32.72,-117.23
92167,32.74,-117.24
92168,32.76,-117.15
92169,32.79,-117.25
92170,32.69,-117.13
92171,32.78,-117.17
92172,32.96,-117.13
92173,32.55,-117.04
92174,32.7,-117.08
92175,32.76,-117.06
92176,32.76,-117.12
92177,32.82,-117.19
92178,32.68,-117.17
92179,32.56,-116.97
92182,32.76,-117.07
92184,32.71,-117.16
92186,32.74,-117.2
92187,32.72,-117.16
92190,32.78,-117.09
92191,32.9,-117.21
92192,32.85,-117.21
92193,32.8,-117.14
92194,32.8,-117.13
92195,32.74,-117.05
92196,32.91,-117.12
92197,32.83,-117.2
92198,32.99,-117.07
92199,32.99,-117.07
92201,33.71,-116.23
92202,33.66,-116.29
92203,33.75,-116.23
92210,33.7,-116.33
92211,33.77,-116.34
92220,33.95,-116.83
92222,32.79,-114.55
92223,33.94,-116.97
92225,33.75,-114.51
92226,33.6,-114.58
92227,33.02,-115.45
92230,33.93,-116.77
92231,32.69,-115.51
92232,32.67,-115.5
92233,33.13,-115.52
92234,33.82,-116.45
92235,33.77,-116.46
92236,33.7,-116.17
92239,33.76,-115.47
92240,33.95,-116.52
92241,33.83,-116.29
92242,34.15,-114.33
92243,32.77,-115.6
92244,32.79,-115.57
92247,33.66,-116.31
92248,33.66,-116.31
92249,32.73,-115.47
92250,32.83,-115.19
92251,32.86,-115.65
92252,34.15,-116.27
92253,33.65,-116.27
92254,33.55,-115.97
92255,33.74,-116.36
92256,34.1,-116.58
92257,33.3,-115.55
92258,33.92,-116.56
92259,32.72,-115.88
92260,33.7,-116.4
92261,33.61,-116.42
92262,33.85,-116.56
92263,33.87,-116.56
92264,33.72,-116.51
92266,33.34,-114.93
92267,34.28,-114.18
92268,34.21,-116.52
92270,33.78,-116.41
92273,32.79,-115.69
92274,33.48,-116.1
92275,33.28,-115.92
92276,33.8,-116.36
92277,34.24,-115.86
92278,34.23,-116.06
92280,34.14,-114.52
92281,33.05,-115.61
92282,33.94,-116.65
92283,32.87,-114.72
92284,34.15,-116.41
92285,34.33,-116.51
92286,34.18,-116.4
92292,33.83,-116.54
92301,34.66,-117.51
92304,34.54,-115.64
92305,34.18,-116.86
92307,34.57,-117.15
92308,34.42,-117.14
92309,35.31,-116.04
92310,35.26,-116.69
92311,34.97,-116.99
92312,34.97,-117.05
92313,34.03,-117.31
92314,34.26,-116.84
92315,34.23,-116.86
92316,34.06,-117.39
92317,34.25,-117.21
92318,34.04,-117.23
92320,33.99,-117.05
92321,34.25,-117.16
92322,34.25,-117.32
92323,35.2,-115.42
92324,34.01,-117.27
92325,34.25,-117.3
92326,34.24,-117.2
92327,34.86,-116.81
92328,36.6,-116.83
92329,34.35,-117.6
92331,34.06,-117.44
92332,34.96,-115.31
92333,34.27,-116.94
92334,34.07,-117.46
92335,34.08,-117.46
92336,34.14,-117.45
92337,34.05,-117.46
92338,34.72,-116.15
92339,34.08,-116.9
92340,34.41,-117.27
92341,34.24,-117.07
92342,34.74,-117.35
92344,34.39,-117.39
92345,34.36,-117.32
92346,34.13,-117.15
92347,34.95,-117.18
92350,34.05,-117.26
92352,34.27,-117.19
92354,34.05,-117.24
92356,34.52,-116.88
92357,34.05,-117.25
92358,34.25,-117.54
92359,34.08,-117.07
92363,34.78,-114.59
92364,35.34,-115.43
92365,34.9,-116.66
92366,35.47,-115.52
92368,34.65,-117.32
92369,34.13,-117.22
92371,34.42,-117.48
92372,34.47,-117.62
92373,34,-117.12
92374,34.06,-117.17
92375,34.05,-117.19
92376,34.1,-117.38
92377,34.16,-117.39
92378,34.23,-117.23
92382,34.21,-117.12
92384,35.97,-116.2
92385,34.23,-117.18
92386,34.24,-116.83
92389,35.85,-116.22
92391,34.23,-117.23
92392,34.49,-117.36
92393,34.48,-117.31
92394,34.57,-117.33
92395,34.5,-117.29
92397,34.36,-117.61
92398,34.91,-116.85
92399,34.04,-117.01
92401,34.1,-117.29
92402,34.07,-117.46
92403,34.1,-117.27
92404,34.17,-117.24
92405,34.14,-117.3
92406,34.13,-117.28
92407,34.22,-117.37
92408,34.08,-117.27
92410,34.11,-117.3
92411,34.12,-117.32
92412,34.08,-117.26
92413,34.14,-117.25
92414,34.18,-117.26
92415,34.12,-117.26
92418,34.1,-117.29
92423,34.1,-117.28
92424,34.14,-117.3
92427,34.19,-117.34
92501,33.99,-117.38
92502,33.98,-117.37
92503,33.89,-117.44
92504,33.9,-117.4
92505,33.93,-117.49
92506,33.92,-117.36
92507,33.96,-117.31
92508,33.89,-117.32
92509,33.99,-117.44
92513,33.91,-117.46
92514,33.94,-117.41
92515,33.91,-117.48
92516,33.95,-117.39
92517,33.96,-117.43
92518,33.89,-117.27
92519,33.99,-117.41
92521,33.97,-117.34
92522,33.94,-117.39
92530,33.68,-117.37
92531,33.6,-117.39
92532,33.71,-117.34
92536,33.5,-116.81
92539,33.53,-116.68
92543,33.66,-116.98
92544,33.64,-116.83
92545,33.73,-117.05
92546,33.74,-116.97
92548,33.75,-117.11
92549,33.76,-116.73
92551,33.87,-117.22
92552,33.92,-117.24
92553,33.92,-117.24
92554,33.91,-117.25
92555,33.9,-117.1
92556,33.96,-117.24
92557,33.97,-117.25
92561,33.63,-116.59
92562,33.54,-117.33
92563,33.57,-117.14
92564,33.64,-117.18
92567,33.82,-117.1
92570,33.78,-117.33
92571,33.83,-117.2
92572,33.78,-117.22
92581,33.78,-116.95
92582,33.81,-117.02
92583,33.79,-116.93
92584,33.65,-117.18
92585,33.74,-117.18
92586,33.7,-117.19
92587,33.69,-117.24
92589,33.51,-117.1
92590,33.48,-117.22
92591,33.53,-117.1
92592,33.53,-117.04
92593,33.5,-117.15
92595,33.62,-117.25
92596,33.63,-117.07
92599,33.83,-117.19
92602,33.74,-117.76
92603,33.62,-117.79
92604,33.69,-117.78
92605,33.71,-118
92606,33.7,-117.82
92607,33.52,-117.7
92609,33.59,-117.7
92610,33.7,-117.67
92612,33.66,-117.83
92614,33.68,-117.85
92615,33.65,-117.96
92616,33.64,-117.83
92617,33.64,-117.84
92618,33.67,-117.73
92619,33.66,-117.76
92620,33.7,-117.76
92623,33.69,-117.81
92624,33.45,-117.66
92625,33.6,-117.86
92626,33.67,-117.9
92627,33.64,-117.91
92628,33.64,-117.91
92629,33.47,-117.7
92630,33.64,-117.67
92637,33.61,-117.72
92646,33.66,-117.97
92647,33.72,-118
92648,33.67,-118
92649,33.71,-118.04
92650,33.67,-117.75
92651,33.55,-117.78
92652,33.54,-117.78
92653,33.59,-117.7
92654,33.6,-117.71
92655,33.75,-117.98
92656,33.57,-117.72
92657,33.6,-117.82
92658,33.63,-117.86
92659,33.62,-117.92
92660,33.62,-117.87
92661,33.6,-117.9
92662,33.61,-117.89
92663,33.62,-117.93
92672,33.42,-117.62
92673,33.48,-117.61
92674,33.43,-117.62
92675,33.52,-117.61
92676,33.75,-117.63
92677,33.53,-117.7
92678,33.66,-117.59
92679,33.61,-117.6
92683,33.75,-117.99
92684,33.76,-118
92685,33.75,-117.99
92688,33.62,-117.61
92690,33.61,-117.64
92691,33.6,-117.66
92692,33.6,-117.64
92693,33.49,-117.66
92694,33.55,-117.62
92697,33.64,-117.84
92698,33.67,-117.83
92701,33.75,-117.85
92702,33.73,-117.87
92703,33.74,-117.89
92704,33.71,-117.9
92705,33.76,-117.79
92706,33.76,-117.88
92707,33.71,-117.87
92708,33.71,-117.94
92709,33.67,-117.73
92710,33.7,-117.81
92711,33.76,-117.8
92712,33.75,-117.87
92725,33.75,-117.86
92728,33.71,-117.92
92735,33.71,-117.85
92780,33.74,-117.82
92781,33.73,-117.81
92782,33.75,-117.77
92799,33.71,-117.9
92801,33.84,-117.95
92802,33.81,-117.91
92803,33.84,-117.93
92804,33.81,-117.97
92805,33.82,-117.91
92806,33.84,-117.87
92807,33.85,-117.79
92808,33.86,-117.74
92809,33.86,-117.74
92811,33.86,-117.83
92812,33.81,-117.92
92814,33.81,-117.96
92815,33.83,-117.91
92816,33.83,-117.88
92817,33.85,-117.79
92821,33.92,-117.86
92822,33.91,-117.89
92823,33.92,-117.8
92825,33.83,-117.91
92831,33.87,-117.89
92832,33.86,-117.92
92833,33.88,-117.96
92834,33.87,-117.89
92835,33.9,-117.91
92836,33.87,-117.9
92837,33.87,-117.96
92838,33.89,-117.93
92840,33.78,-117.93
92841,33.78,-117.97
92842,33.77,-117.94
92843,33.76,-117.93
92844,33.76,-117.97
92845,33.78,-118.02
92846,33.78,-118.03
92850,33.84,-117.95
92856,33.78,-117.84
92857,33.83,-117.84
92859,33.8,-117.78
92860,33.93,-117.56
92861,33.81,-117.81
92862,33.79,-117.71
92863,33.81,-117.82
92864,33.81,-117.82
92865,33.83,-117.85
92866,33.78,-117.84
92867,33.8,-117.84
92868,33.78,-117.86
92869,33.79,-117.78
92870,33.88,-117.85
92871,33.88,-117.85
92877,33.87,-117.56
92878,33.87,-117.56
92879,33.87,-117.53
92880,33.9,-117.61
92881,33.83,-117.5
92882,33.83,-117.6
92883,33.75,-117.48
92885,33.89,-117.82
92886,33.89,-117.78
92887,33.88,-117.72
92899,33.83,-117.87
93001,34.33,-119.31
93002,34.27,-119.28
93003,34.28,-119.22
93004,34.27,-119.16
93005,34.25,-119.2
93006,34.27,-119.29
93007,34.29,-119.15
93009,34.26,-119.21
93010,34.23,-119.07
93011,34.21,-119.03
93012,34.2,-118.98
93013,34.43,-119.52
93014,34.39,-119.51
93015,34.4,-118.83
93016,34.39,-118.91
93020,34.28,-118.88
93021,34.31,-118.87
93022,34.4,-119.3
93023,34.51,-119.29
93024,34.44,-119.25
93030,34.19,-119.17
93031,34.21,-119.18
93032,34.2,-119.17
93033,34.14,-119.1
93034,34.17,-119.17
93035,34.19,-119.23
93036,34.25,-119.16
93040,34.43,-118.75
93041,34.11,-119.11
93042,33.26,-119.5
93043,34.17,-119.2
93044,34.15,-119.19
93060,34.4,-119.07
93061,34.35,-119.05
93062,34.28,-118.74
93063,34.3,-118.72
93064,34.25,-118.7
93065,34.25,-118.78
93066,34.29,-119.03
93067,34.42,-119.59
93093,34.27,-118.71
93094,34.27,-118.79
93099,34.26,-118.75
93101,34.41,-119.7
93102,34.42,-119.7
93103,34.43,-119.68
93105,34.53,-119.8
93106,34.43,-119.83
93107,34.42,-119.86
93108,34.44,-119.61
93109,34.4,-119.72
93110,34.43,-119.77
93111,34.45,-119.8
93116,34.49,-120.04
93117,34.5,-120.12
93118,34.43,-119.82
93120,34.41,-119.7
93121,34.41,-119.7
93130,34.44,-119.73
93140,34.42,-119.67
93150,34.43,-119.63
93160,34.43,-119.8
93190,34.42,-119.7
93199,34.49,-120.04
93201,35.86,-119.46
93202,36.31,-119.71
93203,35.08,-118.79
93204,35.89,-120.07
93205,35.52,-118.4
93206,35.43,-119.49
93207,35.87,-118.65
93208,36.06,-118.58
93210,36.19,-120.39
93212,36.07,-119.53
93215,35.78,-119.23
93216,35.75,-119.27
93218,35.86,-118.99
93219,35.86,-119.28
93220,35.4,-118.76
93221,36.28,-119.03
93222,34.84,-119.17
93223,36.3,-119.19
93224,35.21,-119.56
93225,34.8,-119.01
93226,35.72,-118.72
93227,36.34,-119.41
93230,36.27,-119.63
93232,36.23,-119.7
93234,36.2,-120.09
93235,36.38,-119.22
93237,36.46,-118.91
93238,35.73,-118.39
93239,36.05,-119.99
93240,35.64,-118.46
93241,35.25,-118.91
93242,36.43,-119.69
93243,34.86,-118.87
93244,36.46,-118.98
93245,36.29,-119.82
93246,36.28,-119.84
93247,36.2,-119.08
93249,35.61,-119.9
93250,35.65,-119.19
93251,35.34,-119.76
93252,34.84,-119.27
93254,34.98,-119.8
93255,35.68,-118.07
93256,35.95,-119.31
93257,35.96,-118.92
93258,36.05,-119.15
93260,35.82,-118.67
93261,35.81,-119.13
93262,36.62,-118.7
93263,35.49,-119.3
93265,36.17,-118.7
93266,36.17,-119.81
93267,36.14,-119.09
93268,35.16,-119.43
93270,35.93,-119.03
93271,36.44,-118.86
93272,36.04,-119.34
93274,36.18,-119.36
93275,36.2,-119.34
93276,35.3,-119.36
93277,36.29,-119.38
93278,36.3,-119.31
93279,36.32,-119.29
93280,35.64,-119.44
93282,36.14,-119.5
93283,35.59,-118.3
93285,35.7,-118.5
93286,36.46,-119.1
93287,35.76,-118.99
93290,36.33,-119.29
93291,36.4,-119.38
93292,36.37,-119.18
93301,35.38,-119.02
93302,35.37,-119.02
93303,35.55,-118.92
93304,35.33,-119.02
93305,35.39,-118.98
93306,35.43,-118.83
93307,35.2,-118.86
93308,35.54,-118.91
93309,35.34,-119.07
93311,35.18,-119.21
93312,35.39,-119.12
93313,35.15,-119.06
93314,35.38,-119.2
93380,35.55,-118.92
93381,35.37,-119.01
93382,35.25,-119
93383,35.26,-119.03
93384,35.37,-119.01
93385,35.37,-118.99
93386,35.37,-118.95
93387,35.35,-118.95
93388,35.41,-119.02
93389,35.35,-119.06
93390,35.35,-119
93401,35.25,-120.62
93402,35.29,-120.81
93403,35.28,-120.65
93405,35.27,-120.69
93406,35.24,-120.64
93407,35.29,-120.66
93408,35.22,-120.63
93409,35.22,-120.63
93410,35.3,-120.66
93412,35.31,-120.83
93420,35.16,-120.43
93421,35.12,-120.57
93422,35.45,-120.71
93423,35.48,-120.64
93424,35.19,-120.73
93426,35.85,-120.8
93427,34.61,-120.22
93428,35.59,-121.01
93429,34.87,-120.54
93430,35.48,-120.92
93432,35.47,-120.48
93433,35.12,-120.61
93434,34.93,-120.59
93435,35.5,-121.03
93436,34.6,-120.39
93437,34.77,-120.53
93438,34.63,-120.46
93440,34.73,-120.24
93441,34.79,-119.99
93442,35.38,-120.78
93443,35.36,-120.85
93444,35.05,-120.48
93445,35.04,-120.62
93446,35.61,-120.76
93447,35.65,-120.69
93448,35.15,-120.67
93449,35.15,-120.66
93450,36.09,-120.82
93451,35.89,-120.6
93452,35.69,-121.2
93453,35.31,-120.27
93454,34.91,-120.23
93455,34.82,-120.41
93456,34.93,-120.46
93457,34.86,-120.43
93458,34.95,-120.5
93460,34.64,-120.02
93461,35.63,-120.26
93463,34.61,-120.14
93464,34.55,-120.14
93465,35.54,-120.75
93475,35.1,-120.61
93483,35.12,-120.62
93501,35.07,-118.18
93502,35.05,-118.17
93504,35.14,-118.01
93505,35.15,-117.92
93510,34.49,-118.22
93512,37.87,-118.54
93513,37.13,-118.16
93514,37.5,-118.31
93515,37.36,-118.4
93516,35,-117.63
93517,38.27,-119.33
93518,35.4,-118.51
93519,35.3,-117.95
93522,36.3,-117.59
93523,34.96,-117.87
93524,34.93,-117.91
93526,36.83,-118.24
93527,35.88,-118.15
93528,35.36,-117.64
93529,37.77,-119.06
93530,36.48,-117.86
93531,35.23,-118.62
93532,34.69,-118.52
93534,34.72,-118.15
93535,34.69,-117.9
93536,34.72,-118.48
93539,34.68,-118.12
93541,37.99,-119.11
93542,35.93,-117.9
93543,34.48,-117.98
93544,34.49,-117.77
93545,36.56,-118.05
93546,37.58,-118.84
93549,36.26,-117.95
93550,34.52,-118.08
93551,34.61,-118.27
93552,34.57,-118.02
93553,34.48,-117.88
93554,35.39,-117.73
93555,35.55,-117.67
93556,35.62,-117.67
93558,35.35,-117.62
93560,34.87,-118.34
93561,35.12,-118.51
93562,35.73,-117.36
93563,34.39,-117.74
93581,35.13,-118.44
93584,34.69,-118.13
93586,34.64,-118.21
93590,34.57,-118.08
93591,34.61,-117.81
93592,35.85,-117.22
93596,35,-117.65
93599,34.57,-118.11
93601,37.39,-119.73
93602,37,-119.15
93603,36.6,-118.92
93604,37.38,-119.51
93605,37.2,-119.25
93606,36.8,-120.02
93607,36.48,-119.98
93608,36.49,-120.36
93609,36.52,-119.87
93610,37.07,-120.27
93611,36.83,-119.68
93612,36.81,-119.71
93613,36.79,-119.64
93614,37.17,-119.71
93615,36.49,-119.28
93616,36.65,-119.59
93618,36.52,-119.39
93619,36.91,-119.58
93620,37.07,-120.63
93621,36.79,-119.13
93622,36.85,-120.54
93623,37.47,-119.66
93624,36.38,-120.13
93625,36.62,-119.67
93626,37.02,-119.69
93627,36.53,-120.11
93628,36.8,-118.89
93630,36.71,-120.15
93631,36.48,-119.5
93633,36.72,-118.95
93634,37.33,-119.01
93635,37.07,-120.84
93636,36.93,-119.83
93637,36.91,-120.19
93638,37.04,-120.03
93639,36.96,-120.08
93640,36.67,-120.45
93641,36.7,-119.04
93642,37.32,-119.01
93643,37.23,-119.49
93644,37.4,-119.61
93645,37.16,-119.62
93646,36.64,-119.29
93647,36.58,-119.19
93648,36.62,-119.51
93649,36.82,-119.35
93650,36.84,-119.8
93651,37,-119.5
93652,36.59,-119.9
93653,37.25,-119.96
93654,36.65,-119.4
93656,36.48,-119.94
93657,36.79,-119.44
93660,36.59,-120.19
93661,37.1,-120.59
93662,36.53,-119.64
93664,37.13,-119.22
93665,36.96,-120.65
93666,36.55,-119.34
93667,36.96,-119.3
93668,36.65,-120.28
93669,37.29,-119.55
93670,36.48,-119.22
93673,36.45,-119.48
93675,36.74,-119.19
93701,36.75,-119.79
93702,36.74,-119.75
93703,36.76,-119.76
93704,36.8,-119.8
93705,36.78,-119.82
93706,36.64,-119.91
93707,36.73,-119.78
93708,36.73,-119.78
93709,36.73,-119.78
93710,36.81,-119.75
93711,36.84,-119.82
93712,36.61,-119.77
93714,36.73,-119.78
93715,36.73,-119.78
93716,36.73,-119.78
93717,36.73,-119.78
93718,36.73,-119.78
93720,36.86,-119.76
93721,36.73,-119.78
93722,36.8,-119.87
93723,36.77,-119.95
93724,36.72,-119.79
93725,36.6,-119.75
93726,36.79,-119.76
93727,36.75,-119.67
93728,36.76,-119.82
93729,36.85,-119.76
93730,36.9,-119.75
93737,36.74,-119.65
93740,36.82,-119.76
93741,36.79,-119.8
93744,36.75,-119.79
93745,36.7,-119.75
93747,36.8,-119.67
93750,36.83,-119.78
93755,36.79,-119.79
93760,36.73,-119.78
93761,36.75,-119.78
93764,36.73,-119.78
93765,36.83,-119.83
93771,36.74,-119.78
93772,36.74,-119.78
93773,36.71,-119.85
93774,36.74,-119.79
93775,36.73,-119.75
93776,36.75,-119.78
93777,36.74,-119.78
93778,36.74,-119.78
93779,36.74,-119.78
93780,36.73,-119.8
93784,36.82,-119.76
93786,36.63,-119.9
93790,36.78,-119.82
93791,36.78,-119.82
93792,36.78,-119.82
93793,36.78,-119.82
93794,36.78,-119.82
93844,36.75,-119.67
93888,36.75,-119.67
93901,36.64,-121.62
93902,36.67,-121.65
93905,36.67,-121.61
93906,36.72,-121.63
93907,36.76,-121.65
93908,36.65,-121.6
93912,36.73,-121.68
93915,36.67,-121.62
93920,36.08,-121.6
93921,36.55,-121.92
93922,36.48,-121.74
93923,36.46,-121.82
93924,36.39,-121.65
93925,36.57,-121.44
93926,36.54,-121.39
93927,36.26,-121.37
93928,36.04,-121.24
93930,36.2,-120.94
93932,35.99,-121.06
93933,36.67,-121.79
93940,36.6,-121.88
93942,36.61,-121.89
93943,36.6,-121.87
93944,36.57,-121.83
93950,36.61,-121.92
93953,36.58,-121.94
93954,36.13,-120.93
93955,36.62,-121.82
93960,36.39,-121.3
93962,36.62,-121.65
94002,37.5,-122.3
94005,37.68,-122.41
94010,37.56,-122.37
94011,37.57,-122.34
94013,37.7,-122.45
94014,37.69,-122.45
94015,37.67,-122.47
94016,37.7,-122.45
94017,37.69,-122.47
94018,37.5,-122.47
94019,37.44,-122.41
94020,37.28,-122.24
94021,37.27,-122.28
94022,37.36,-122.14
94023,37.37,-122.11
94024,37.34,-122.11
94025,37.45,-122.17
94026,37.47,-122.18
94027,37.45,-122.2
94028,37.37,-122.21
94030,37.59,-122.4
94035,37.41,-122.05
94037,37.54,-122.5
94038,37.51,-122.5
94039,37.39,-122.07
94040,37.38,-122.08
94041,37.39,-122.08
94042,37.4,-122.08
94043,37.41,-122.05
94044,37.61,-122.48
94060,37.2,-122.3
94061,37.46,-122.24
94062,37.4,-122.29
94063,37.49,-122.21
94064,37.46,-122.25
94065,37.53,-122.24
94066,37.62,-122.43
94070,37.49,-122.26
94074,37.33,-122.34
94080,37.65,-122.42
94083,37.64,-122.41
94085,37.38,-122.01
94086,37.36,-122.02
94087,37.35,-122.03
94088,37.39,-122.03
94089,37.41,-122.02
94101,37.77,-122.41
94102,37.78,-122.42
94103,37.77,-122.41
94104,37.79,-122.4
94105,37.79,-122.39
94106,37.77,-122.41
94107,37.76,-122.39
94108,37.79,-122.41
94109,37.79,-122.42
94110,37.74,-122.41
94111,37.8,-122.4
94112,37.72,-122.44
94114,37.75,-122.43
94115,37.78,-122.43
94116,37.74,-122.48
94117,37.77,-122.45
94118,37.78,-122.46
94119,37.78,-122.45
94120,37.79,-122.4
94121,37.77,-122.49
94122,37.76,-122.48
94123,37.8,-122.43
94124,37.73,-122.38
94125,37.73,-122.38
94126,37.79,-122.39
94127,37.74,-122.46
94128,37.61,-122.38
94129,37.79,-122.46
94130,37.82,-122.37
94131,37.74,-122.44
94132,37.72,-122.48
94133,37.8,-122.41
94134,37.72,-122.41
94135,37.77,-122.41
94136,37.77,-122.41
94137,37.79,-122.4
94138,37.79,-122.4
94139,37.79,-122.4
94140,37.75,-122.41
94141,37.76,-122.41
94142,37.78,-122.41
94143,37.76,-122.45
94144,37.78,-122.46
94145,37.79,-122.4
94146,37.75,-122.43
94147,37.8,-122.43
94150,37.77,-122.41
94151,37.79,-122.39
94152,37.77,-122.41
94153,37.77,-122.41
94154,37.77,-122.41
94155,37.77,-122.41
94156,37.78,-122.4
94158,37.77,-122.39
94159,37.78,-122.45
94160,37.71,-122.4
94161,37.79,-122.4
94162,37.78,-122.4
94163,37.78,-122.4
94164,37.78,-122.42
94171,37.77,-122.41
94172,37.76,-122.48
94175,37.77,-122.41
94177,37.79,-122.39
94188,37.74,-122.38
94199,37.77,-122.41
94203,38.58,-121.49
94204,38.6,-121.44
94205,38.47,-121.44
94206,38.49,-121.45
94207,38.58,-121.49
94208,38.58,-121.49
94209,38.58,-121.49
94211,38.58,-121.49
94229,38.58,-121.49
94230,38.47,-121.44
94232,38.55,-121.49
94234,38.58,-121.49
94235,38.58,-121.49
94236,38.58,-121.49
94237,38.58,-121.49
94239,38.55,-121.49
94240,38.58,-121.49
94244,38.58,-121.49
94245,38.58,-121.49
94246,38.58,-121.49
94247,38.58,-121.49
94248,38.58,-121.49
94249,38.57,-121.46
94250,38.58,-121.49
94252,38.58,-121.49
94254,38.58,-121.49
94256,38.58,-121.49
94257,38.58,-121.49
94258,38.58,-121.49
94259,38.55,-121.49
94261,38.58,-121.49
94262,38.58,-121.49
94263,38.58,-121.49
94267,38.58,-121.49
94268,38.58,-121.49
94269,38.55,-121.49
94271,38.58,-121.49
94273,38.58,-121.49
94274,38.58,-121.49
94277,38.58,-121.49
94278,38.57,-121.46
94279,38.58,-121.49
94280,38.58,-121.49
94282,38.58,-121.49
94283,38.47,-121.44
94284,38.55,-121.49
94285,38.55,-121.49
94286,38.55,-121.49
94287,38.58,-121.49
94288,38.58,-121.49
94289,38.58,-121.49
94290,38.55,-121.49
94291,38.55,-121.49
94293,38.55,-121.49
94294,38.55,-121.49
94295,38.58,-121.49
94296,38.57,-121.5
94297,38.55,-121.49
94298,38.58,-121.49
94299,38.56,-121.46
94301,37.44,-122.15
94302,37.44,-122.15
94303,37.45,-122.1
94304,37.37,-122.18
94305,37.41,-122.17
94306,37.41,-122.13
94309,37.41,-122.16
94401,37.57,-122.32
94402,37.52,-122.35
94403,37.54,-122.3
94404,37.55,-122.26
94497,37.56,-122.32
94501,37.77,-122.27
94502,37.73,-122.24
94503,38.18,-122.25
94505,37.87,-121.6
94506,37.78,-121.88
94507,37.85,-122.02
94508,38.57,-122.44
94509,37.99,-121.81
94510,38.11,-122.13
94511,38.03,-121.64
94512,38.13,-121.83
94513,37.87,-121.68
94514,37.85,-121.62
94515,38.62,-122.61
94516,37.83,-122.17
94517,37.88,-121.84
94518,37.95,-122.02
94519,37.99,-122
94520,38,-122.03
94521,37.96,-121.96
94522,38.01,-122.02
94523,37.95,-122.07
94524,37.97,-122.05
94525,38.05,-122.23
94526,37.81,-121.97
94527,37.97,-122.05
94528,37.85,-121.95
94529,37.87,-122.04
94530,37.91,-122.3
94531,37.96,-121.76
94533,38.28,-122
94534,38.23,-122.12
94535,38.28,-121.92
94536,37.56,-121.98
94537,37.55,-122.01
94538,37.5,-121.96
94539,37.51,-121.89
94540,37.65,-122.09
94541,37.67,-122.08
94542,37.65,-122.04
94543,37.67,-122.08
94544,37.63,-122.04
94545,37.62,-122.11
94546,37.7,-122.08
94547,38.01,-122.25
94548,37.97,-121.65
94549,37.9,-122.11
94550,37.68,-121.75
94551,37.77,-121.75
94552,37.69,-122.01
94553,37.98,-122.15
94555,37.55,-122.07
94556,37.83,-122.1
94557,37.62,-122.1
94558,38.55,-122.15
94559,38.25,-122.31
94560,37.51,-122.04
94561,37.99,-121.68
94562,38.42,-122.4
94563,37.89,-122.19
94564,37.99,-122.27
94565,38.01,-121.91
94566,37.65,-121.85
94567,38.67,-122.44
94568,37.71,-121.91
94569,38.03,-122.19
94570,38.11,-122.13
94571,38.18,-121.73
94572,38.03,-122.25
94573,38.46,-122.43
94574,38.55,-122.39
94575,37.84,-122.11
94576,38.55,-122.48
94577,37.71,-122.16
94578,37.7,-122.12
94579,37.68,-122.15
94580,37.68,-122.13
94581,38.29,-122.28
94582,37.76,-121.93
94583,37.78,-121.99
94585,38.19,-121.93
94586,37.56,-121.84
94587,37.6,-122.02
94588,37.67,-121.93
94589,38.13,-122.25
94590,38.09,-122.25
94591,38.11,-122.2
94592,38.11,-122.29
94595,37.86,-122.07
94596,37.89,-122.03
94597,37.91,-122.07
94598,37.91,-122.01
94599,38.41,-122.36
94601,37.77,-122.21
94602,37.8,-122.21
94603,37.74,-122.18
94604,37.8,-122.26
94605,37.75,-122.13
94606,37.78,-122.24
94607,37.81,-122.3
94608,37.83,-122.29
94609,37.83,-122.26
94610,37.81,-122.24
94611,37.83,-122.22
94612,37.81,-122.27
94613,37.78,-122.18
94614,37.72,-122.2
94615,37.8,-122.29
94617,37.75,-122.14
94618,37.84,-122.23
94619,37.78,-122.12
94620,37.77,-122.21
94621,37.73,-122.2
94622,37.74,-122.19
94623,37.8,-122.29
94624,37.74,-122.17
94625,37.8,-122.31
94649,37.8,-122.26
94659,37.81,-122.26
94660,37.79,-122.27
94661,37.82,-122.2
94662,37.84,-122.29
94666,37.8,-122.26
94701,37.86,-122.27
94702,37.87,-122.29
94703,37.86,-122.28
94704,37.87,-122.26
94705,37.86,-122.24
94706,37.89,-122.3
94707,37.9,-122.28
94708,37.9,-122.26
94709,37.88,-122.27
94710,37.87,-122.3
94712,37.86,-122.26
94720,37.87,-122.25
94801,37.96,-122.38
94802,37.93,-122.35
94803,37.95,-122.26
94804,37.92,-122.34
94805,37.94,-122.31
94806,37.98,-122.33
94807,37.92,-122.35
94808,37.93,-122.34
94820,37.97,-122.29
94850,37.9,-122.32
94901,37.97,-122.5
94903,38.02,-122.54
94904,37.94,-122.56
94912,37.97,-122.5
94913,38.02,-122.54
94914,37.94,-122.53
94915,37.95,-122.5
94920,37.89,-122.47
94922,38.33,-122.97
94923,38.35,-123.06
94924,37.94,-122.73
94925,37.92,-122.51
94926,38.32,-122.7
94927,38.34,-122.69
94928,38.34,-122.7
94929,38.25,-122.96
94930,37.98,-122.6
94931,38.31,-122.7
94933,38.01,-122.69
94937,38.11,-122.92
94938,38.03,-122.7
94939,37.93,-122.53
94940,38.16,-122.84
94941,37.89,-122.56
94942,37.9,-122.52
94945,38.13,-122.56
94946,38.07,-122.68
94947,38.1,-122.63
94948,38.13,-122.56
94949,38.06,-122.54
94950,38.02,-122.75
94951,38.31,-122.64
94952,38.21,-122.76
94953,38.26,-122.63
94954,38.23,-122.56
94955,38.22,-122.55
94956,38.05,-122.86
94957,37.96,-122.56
94960,37.99,-122.58
94963,38.01,-122.67
94964,37.94,-122.49
94965,37.84,-122.53
94966,37.86,-122.49
94970,37.91,-122.65
94971,38.23,-122.93
94972,38.29,-122.94
94973,38,-122.64
94974,37.95,-122.54
94975,38.32,-122.64
94976,37.92,-122.52
94977,37.93,-122.53
94978,37.98,-122.58
94979,37.97,-122.56
94998,38.1,-122.57
94999,38.32,-122.64
95001,36.97,-121.89
95002,37.44,-121.99
95003,37,-121.87
95004,36.87,-121.63
95005,37.1,-122.08
95006,37.16,-122.15
95007,37.1,-122.11
95008,37.28,-121.95
95009,37.28,-121.94
95010,36.97,-121.95
95011,37.29,-121.95
95012,36.76,-121.75
95013,37.22,-121.74
95014,37.3,-122.09
95015,37.32,-122.05
95017,37.09,-122.24
95018,37.08,-122.05
95019,36.94,-121.78
95020,37.06,-121.55
95021,37.01,-121.55
95023,36.89,-121.24
95024,36.84,-121.39
95026,37.15,-121.98
95030,37.22,-121.99
95031,37.12,-121.93
95032,37.23,-121.95
95033,37.13,-121.94
95035,37.44,-121.87
95036,37.24,-121.97
95037,37.17,-121.65
95038,37.08,-121.61
95039,36.83,-121.78
95041,37.05,-122.06
95042,37.17,-121.82
95043,36.53,-120.96
95044,37.15,-121.98
95045,36.83,-121.51
95046,37.1,-121.6
95050,37.34,-121.95
95051,37.35,-121.98
95052,37.35,-121.95
95053,37.35,-121.94
95054,37.39,-121.96
95055,37.33,-121.98
95056,37.4,-121.96
95060,37.04,-122.1
95061,36.97,-122.02
95062,36.97,-121.98
95063,36.97,-122
95064,36.99,-122.06
95065,37.03,-121.98
95066,37.06,-122.01
95067,36.97,-122.03
95070,37.25,-122.06
95071,37.25,-122.03
95073,37.02,-121.94
95075,36.77,-121.29
95076,36.95,-121.72
95077,36.91,-121.75
95101,37.38,-121.89
95103,37.33,-121.89
95106,37.33,-121.89
95108,37.33,-122.08
95109,37.33,-121.89
95110,37.34,-121.9
95111,37.28,-121.83
95112,37.34,-121.88
95113,37.33,-121.89
95115,37.3,-121.89
95116,37.35,-121.85
95117,37.31,-121.96
95118,37.25,-121.88
95119,37.22,-121.78
95120,37.19,-121.83
95121,37.3,-121.8
95122,37.33,-121.83
95123,37.23,-121.82
95124,37.25,-121.92
95125,37.29,-121.88
95126,37.32,-121.91
95127,37.37,-121.8
95128,37.31,-121.93
95129,37.3,-122
95130,37.28,-121.98
95131,37.38,-121.9
95132,37.42,-121.77
95133,37.37,-121.86
95134,37.42,-121.94
95135,37.29,-121.69
95136,37.27,-121.84
95138,37.24,-121.73
95139,37.22,-121.76
95140,37.36,-121.67
95141,37.17,-121.75
95148,37.33,-121.77
95150,37.29,-121.91
95151,37.29,-121.78
95152,37.41,-121.82
95153,37.24,-121.84
95154,37.26,-121.91
95155,37.31,-121.9
95156,37.35,-121.84
95157,37.3,-121.97
95158,37.26,-121.87
95159,37.31,-121.93
95160,37.21,-121.86
95161,37.38,-121.89
95164,37.39,-121.92
95170,37.31,-122
95172,37.33,-121.88
95173,37.33,-121.89
95190,37.37,-121.9
95191,37.32,-121.91
95192,37.34,-121.89
95193,37.24,-121.83
95194,37.34,-121.88
95196,37.33,-121.89
95201,37.9,-121.22
95202,37.96,-121.29
95203,37.95,-121.32
95204,37.97,-121.32
95205,37.96,-121.26
95206,37.9,-121.4
95207,38,-121.32
95208,37.95,-121.43
95209,38.04,-121.35
95210,38.02,-121.3
95211,37.98,-121.31
95212,38.05,-121.23
95213,37.95,-121.43
95214,0,0
95215,37.95,-121.12
95219,38.01,-121.38
95220,38.19,-121.25
95221,38.07,-120.55
95222,38.04,-120.61
95223,38.35,-120.2
95224,38.21,-120.33
95225,38.2,-120.89
95226,38.23,-120.86
95227,38.21,-121.03
95228,37.94,-120.66
95229,38.11,-120.45
95230,37.96,-120.87
95231,37.87,-121.29
95232,38.35,-120.58
95233,38.18,-120.37
95234,37.93,-121.53
95236,38.05,-121.03
95237,38.17,-121.13
95240,38.11,-121.16
95241,38.15,-121.3
95242,38.13,-121.39
95245,38.29,-120.58
95246,38.23,-120.49
95247,38.14,-120.45
95248,38.31,-120.51
95249,38.2,-120.62
95250,38.24,-120.43
95251,38.08,-120.45
95252,38.16,-120.84
95253,38.14,-121.2
95254,38.19,-120.95
95255,38.42,-120.44
95257,38.38,-120.44
95258,38.17,-121.31
95267,38,-121.31
95269,38.01,-121.32
95296,38.02,-121.3
95297,37.96,-121.3
95301,37.32,-120.63
95303,37.47,-120.65
95304,37.69,-121.39
95305,37.79,-120.27
95306,37.38,-120.12
95307,37.55,-120.96
95309,37.86,-120.44
95310,38.11,-120.38
95311,37.71,-120.12
95312,37.42,-120.65
95313,37.39,-121.05
95314,38.34,-119.83
95315,37.42,-120.77
95316,37.54,-120.68
95317,37.12,-120.51
95318,37.65,-119.8
95319,37.64,-120.9
95320,37.83,-121.03
95321,37.85,-120.01
95322,37.14,-121.04
95323,37.6,-120.68
95324,37.39,-120.89
95325,37.43,-120.24
95326,37.59,-120.85
95327,37.85,-120.49
95328,37.55,-120.91
95329,37.66,-120.45
95330,37.82,-121.29
95333,37.25,-120.2
95334,37.34,-120.75
95335,38.12,-120.08
95336,37.83,-121.18
95337,37.73,-121.24
95338,37.49,-120
95340,37.35,-120.42
95341,37.23,-120.5
95343,37.29,-120.48
95344,37.37,-120.61
95345,37.58,-119.97
95346,38.07,-120.17
95347,37.78,-120.3
95348,37.41,-120.5
95350,37.67,-121.01
95351,37.63,-121.01
95352,37.66,-120.99
95353,37.66,-120.94
95354,37.63,-120.97
95355,37.67,-120.95
95356,37.72,-121.03
95357,37.67,-120.89
95358,37.65,-121.13
95360,37.28,-121.2
95361,37.8,-120.74
95363,37.45,-121.23
95364,38.28,-119.82
95365,37.32,-120.3
95366,37.75,-121.12
95367,37.73,-120.95
95368,37.71,-121.09
95369,37.54,-120.45
95370,37.98,-120.39
95372,37.99,-120.26
95373,37.96,-120.31
95374,37.3,-120.87
95375,38.19,-120.01
95376,37.73,-121.42
95377,37.62,-121.45
95378,37.8,-121.55
95379,37.95,-120.2
95380,37.47,-120.85
95381,37.49,-120.85
95382,37.53,-120.84
95383,38.08,-120.24
95385,37.61,-121.25
95386,37.68,-120.64
95387,37.54,-121.29
95388,37.41,-120.59
95389,37.63,-119.68
95391,37.76,-121.63
95397,37.65,-120.99
95401,38.44,-122.78
95402,38.47,-122.6
95403,38.5,-122.76
95404,38.53,-122.69
95405,38.43,-122.67
95406,38.45,-122.72
95407,38.39,-122.75
95409,38.45,-122.59
95410,39.21,-123.69
95412,38.71,-123.33
95415,38.99,-123.36
95416,38.31,-122.48
95417,39.69,-123.61
95418,39.15,-123.2
95419,38.42,-122.95
95420,39.37,-123.8
95421,38.56,-123.2
95422,38.96,-122.64
95423,39.05,-122.55
95424,38.97,-122.66
95425,38.78,-122.92
95426,38.83,-122.71
95427,39.24,-123.53
95428,39.82,-123.16
95429,39.73,-123.33
95430,38.46,-123.05
95431,38.35,-122.52
95432,39.12,-123.62
95433,38.29,-122.48
95435,39.01,-122.87
95436,38.48,-122.9
95437,39.49,-123.74
95439,38.49,-122.77
95441,38.73,-122.91
95442,38.38,-122.52
95443,39.04,-122.74
95444,38.43,-122.87
95445,38.82,-123.51
95446,38.52,-123.01
95448,38.63,-122.89
95449,38.93,-123.11
95450,38.51,-123.21
95451,38.91,-122.79
95452,38.42,-122.54
95453,39.04,-122.93
95454,39.8,-123.5
95456,39.26,-123.76
95457,38.88,-122.55
95458,39.16,-122.75
95459,39,-123.62
95460,39.3,-123.73
95461,38.78,-122.58
95462,38.45,-123.01
95463,39.19,-123.56
95464,39.12,-122.84
95465,38.41,-123.01
95466,39.07,-123.52
95467,38.8,-122.55
95468,38.91,-123.58
95469,39.39,-123.05
95470,39.32,-123.23
95471,38.52,-122.97
95472,38.4,-122.86
95473,38.4,-122.82
95476,38.24,-122.46
95480,38.64,-123.37
95481,39.12,-123.16
95482,39.12,-123.28
95485,39.26,-122.96
95486,38.47,-123.02
95487,38.25,-122.45
95488,39.68,-123.74
95490,39.49,-123.36
95492,38.53,-122.81
95493,39.2,-122.98
95494,38.88,-123.29
95497,38.7,-123.44
95501,40.8,-124.15
95502,40.81,-124.08
95503,40.71,-124.11
95511,40.14,-123.68
95514,40.31,-123.65
95518,40.86,-124.08
95519,40.94,-124.02
95521,40.85,-124.05
95524,40.81,-124.01
95525,40.96,-123.85
95526,40.46,-123.67
95527,40.95,-123.43
95528,40.48,-123.95
95531,41.78,-124.16
95532,41.75,-124.2
95534,40.79,-124.15
95536,40.45,-124.26
95537,40.73,-124.22
95538,41.83,-124.16
95540,40.57,-124.15
95542,40.08,-123.78
95543,41.84,-123.85
95545,40.25,-124.13
95546,41.11,-123.64
95547,40.56,-124.07
95548,41.59,-124.06
95549,40.67,-123.88
95550,40.76,-123.82
95551,40.68,-124.22
95552,40.37,-123.44
95553,40.21,-123.86
95554,40.27,-123.82
95555,41.35,-124.04
95556,41.31,-123.61
95558,40.24,-124.21
95559,40.18,-123.76
95560,40.15,-123.89
95562,40.46,-124.13
95563,40.86,-123.55
95564,40.79,-124.2
95565,40.46,-124.02
95567,41.93,-124.08
95568,41.47,-123.46
95569,40.37,-123.84
95570,41.08,-124.16
95571,40.32,-123.92
95573,40.94,-123.65
95585,39.87,-123.69
95587,39.95,-123.74
95589,40.07,-123.92
95595,40.16,-123.4
95601,38.43,-120.83
95602,39,-121.09
95603,38.92,-121.07
95604,39.24,-120.07
95605,38.59,-121.54
95606,38.8,-122.18
95607,38.69,-122.12
95608,38.62,-121.32
95609,38.62,-121.32
95610,38.69,-121.27
95611,38.7,-121.28
95612,38.37,-121.58
95613,38.8,-120.88
95614,38.88,-120.98
95615,38.31,-121.54
95616,38.55,-121.8
95617,38.54,-121.72
95618,38.53,-121.66
95619,38.68,-120.81
95620,38.39,-121.81
95621,38.69,-121.31
95623,38.6,-120.84
95624,38.44,-121.3
95625,38.36,-121.91
95626,38.73,-121.46
95627,38.73,-122.03
95628,38.65,-121.25
95629,38.52,-120.7
95630,38.67,-121.14
95631,39.03,-120.82
95632,38.27,-121.22
95633,38.84,-120.83
95634,38.93,-120.77
95635,38.92,-120.89
95636,38.64,-120.51
95637,38.83,-122.24
95638,38.33,-121.14
95639,38.39,-121.5
95640,38.33,-120.88
95641,38.16,-121.59
95642,38.35,-120.77
95644,38.45,-120.52
95645,38.89,-121.8
95646,38.69,-120.05
95648,38.93,-121.25
95650,38.81,-121.16
95651,38.81,-120.93
95652,38.66,-121.4
95653,38.7,-121.98
95654,38.36,-120.79
95655,38.54,-121.28
95656,38.56,-120.71
95658,38.87,-121.15
95659,38.83,-121.58
95660,38.66,-121.37
95661,38.74,-121.25
95662,38.68,-121.22
95663,38.85,-121.18
95664,38.8,-121.04
95665,38.38,-120.64
95666,38.52,-120.38
95667,38.73,-120.8
95668,38.83,-121.5
95669,38.46,-120.88
95670,38.6,-121.28
95671,38.67,-121.14
95672,38.72,-121
95673,38.68,-121.45
95674,38.95,-121.49
95675,38.54,-120.74
95676,38.94,-121.74
95677,38.8,-121.24
95678,38.76,-121.28
95679,38.9,-122.29
95680,38.24,-121.59
95681,38.98,-121.35
95682,38.61,-120.97
95683,38.51,-121.12
95684,38.62,-120.62
95685,38.42,-120.75
95686,38.17,-121.52
95687,38.35,-121.93
95688,38.41,-122.01
95689,38.48,-120.61
95690,38.23,-121.58
95691,38.66,-121.62
95692,39.04,-121.39
95693,38.39,-121.24
95694,38.56,-121.99
95695,38.71,-121.85
95696,38.31,-121.92
95697,38.73,-121.81
95698,38.8,-121.9
95699,38.44,-120.85
95701,39.21,-120.79
95703,38.99,-120.98
95709,38.74,-120.68
95712,39.16,-120.95
95713,39.09,-120.92
95714,39.19,-120.83
95715,39.25,-120.69
95717,39.14,-120.85
95720,38.77,-120.26
95721,38.84,-120.07
95722,39,-121.03
95724,39.31,-120.33
95726,38.74,-120.57
95728,39.32,-120.4
95735,38.83,-120.18
95736,39.04,-120.98
95741,38.58,-121.3
95742,38.57,-121.17
95746,38.76,-121.16
95747,38.78,-121.37
95757,38.35,-121.42
95758,38.43,-121.44
95759,38.4,-121.37
95762,38.68,-121.05
95763,38.67,-121.17
95765,38.81,-121.28
95776,38.69,-121.68
95798,38.57,-121.56
95799,38.53,-121.55
95811,38.59,-121.49
95812,38.58,-121.49
95813,38.5,-121.41
95814,38.58,-121.49
95815,38.6,-121.46
95816,38.57,-121.46
95817,38.55,-121.45
95818,38.55,-121.49
95819,38.56,-121.43
95820,38.53,-121.44
95821,38.62,-121.38
95822,38.51,-121.49
95823,38.47,-121.44
95824,38.52,-121.44
95825,38.59,-121.41
95826,38.54,-121.38
95827,38.55,-121.32
95828,38.48,-121.4
95829,38.48,-121.34
95830,38.49,-121.27
95831,38.49,-121.53
95832,38.43,-121.51
95833,38.61,-121.49
95834,38.64,-121.54
95835,38.67,-121.53
95836,38.71,-121.54
95837,38.69,-121.6
95838,38.64,-121.44
95840,38.58,-121.49
95841,38.66,-121.35
95842,38.68,-121.34
95843,38.71,-121.36
95851,38.6,-121.44
95852,38.6,-121.44
95853,38.6,-121.44
95860,38.61,-121.38
95864,38.58,-121.37
95865,38.59,-121.4
95866,38.59,-121.4
95867,38.58,-121.49
95887,38.61,-121.36
95894,38.55,-121.49
95899,38.57,-121.52
95901,39.15,-121.47
95903,39.11,-121.37
95910,39.46,-120.84
95912,39.02,-122.04
95913,39.72,-122.14
95914,39.42,-121.36
95915,40.01,-121.16
95916,39.66,-121.38
95917,39.42,-121.67
95918,39.33,-121.33
95919,39.43,-121.25
95920,39.46,-121.93
95922,39.42,-121.11
95923,40.13,-121.09
95924,39.19,-121.02
95925,39.47,-121.19
95926,39.74,-121.83
95927,39.75,-121.81
95928,39.71,-121.81
95929,39.75,-121.8
95930,39.55,-121.19
95932,39.27,-122.05
95934,40.07,-120.92
95935,39.36,-121.2
95936,39.58,-120.79
95937,38.88,-122
95938,39.61,-121.77
95939,39.54,-122.57
95940,39.51,-121.55
95941,39.52,-121.24
95942,40.02,-121.57
95943,39.6,-122.02
95944,39.51,-120.94
95945,39.18,-120.98
95946,39.18,-121.2
95947,40.15,-120.84
95948,39.35,-121.76
95949,39.11,-121.12
95950,39.04,-121.9
95951,39.72,-122
95953,39.23,-121.78
95954,39.84,-121.6
95955,39.31,-122.17
95956,39.92,-121.05
95957,39.07,-121.84
95958,39.55,-121.77
95959,39.34,-120.87
95960,39.42,-120.99
95961,39.08,-121.55
95962,39.34,-121.23
95963,39.73,-122.33
95965,39.5,-121.67
95966,39.45,-121.39
95967,39.74,-121.6
95968,39.43,-121.55
95969,39.74,-121.61
95970,39.41,-122.04
95971,39.96,-121
95972,39.45,-121.31
95973,39.9,-121.83
95974,39.48,-121.84
95975,39.22,-121.15
95976,39.75,-121.86
95977,39.17,-121.29
95978,39.88,-121.54
95979,39.27,-122.46
95980,39.91,-121.33
95981,39.56,-121.1
95982,39.18,-121.81
95983,40.04,-120.75
95984,40.03,-121.08
95986,39.34,-120.77
95987,39.11,-122.27
95988,39.5,-122.28
95991,39.05,-121.61
95992,39.02,-121.61
95993,39.05,-121.73
96001,40.6,-122.46
96002,40.52,-122.32
96003,40.68,-122.25
96006,41.15,-120.89
96007,40.44,-122.35
96008,40.7,-122.09
96009,41.06,-121.11
96010,40.81,-123.25
96011,41.04,-121.89
96013,40.94,-121.74
96014,41.36,-122.77
96015,41.44,-120.94
96016,40.92,-121.57
96017,41.1,-122.35
96019,40.68,-122.37
96020,40.27,-121.24
96021,39.92,-122.28
96022,40.33,-122.45
96023,41.89,-121.74
96024,40.58,-122.86
96025,41.19,-122.26
96027,41.41,-123.02
96028,41.01,-121.47
96029,39.93,-122.48
96031,41.19,-123.2
96032,41.59,-122.96
96033,40.73,-122.6
96034,41.43,-122.61
96035,40.03,-122.17
96037,41.54,-122.93
96038,41.6,-122.54
96039,41.78,-123.47
96040,40.8,-121.46
96041,40.5,-123.19
96044,41.91,-122.49
96046,40.6,-123.4
96047,40.46,-122.7
96048,40.87,-123.1
96049,41.76,-123.33
96050,41.83,-122.92
96051,40.88,-122.38
96052,40.78,-122.84
96054,41.3,-121.1
96055,40.05,-122.07
96056,41.1,-121.34
96057,41.26,-122.1
96058,41.74,-121.89
96059,40.41,-121.84
96061,40.34,-121.46
96062,40.56,-122.07
96063,40.37,-121.61
96064,41.76,-122.39
96065,40.86,-121.91
96067,41.31,-122.32
96068,41.12,-121.21
96069,40.69,-122.02
96070,40.81,-122.32
96071,40.67,-121.47
96073,40.6,-122.19
96074,39.88,-122.58
96075,40.34,-121.85
96076,40.38,-122.91
96078,40.08,-122.17
96079,40.68,-122.34
96080,40.13,-122.43
96084,40.92,-122.02
96085,41.73,-123.04
96086,41.86,-123.22
96087,40.62,-122.5
96088,40.5,-121.8
96089,40.68,-122.4
96090,40.02,-122.13
96091,41.05,-122.78
96092,39.97,-122.02
96093,40.74,-122.93
96094,41.51,-122.36
96095,40.7,-122.6
96096,40.63,-121.87
96097,41.75,-122.67
96099,40.64,-122.5
96101,41.43,-120.53
96103,39.78,-120.65
96104,41.48,-120.14
96105,39.75,-120.06
96106,39.72,-120.57
96107,38.47,-119.48
96108,41.75,-120.4
96109,39.94,-120.06
96110,41.3,-120.1
96111,39.39,-120.02
96112,41.88,-120.11
96113,40.14,-120.16
96114,40.28,-120.5
96115,41.71,-120.23
96116,41.29,-120.44
96117,40.51,-120.31
96118,39.63,-120.21
96119,41.05,-120.49
96120,38.73,-119.84
96121,40.18,-120.36
96122,39.79,-120.46
96123,40.73,-120.4
96124,39.66,-120.43
96125,39.6,-120.65
96126,39.57,-120.34
96127,40.41,-120.65
96128,40.35,-120.38
96129,39.82,-120.37
96130,40.57,-120.61
96132,40.94,-120.64
96133,38.64,-119.48
96134,41.8,-121.46
96135,39.71,-120.21
96136,40.31,-120.2
96137,40.26,-121.02
96140,39.23,-120.1
96141,39.08,-120.18
96142,39.02,-120.14
96143,39.25,-120.02
96145,39.18,-120.14
96146,39.19,-120.22
96148,39.24,-120.05
96150,38.84,-120.01
96151,38.94,-119.97
96152,38.94,-119.97
96154,38.94,-119.97
96155,38.78,-120.07
96156,38.94,-119.97
96157,38.94,-119.97
96158,38.92,-119.96
96160,39.32,-120.18
96161,39.33,-120.24
96162,39.3,-120.31